{"cameraMode":{"drawMode":0,"name":"Shaded","section":"Shading Mode"},"sceneLighting":true,"audioPlay":false,"sceneViewState":{"showFog":true,"showMaterialUpdate":false,"showSkybox":true,"showFlares":true,"showImageEffects":true,"showParticleSystems":true},"in2DMode":false,"pivot":{"x":79.0179443359375,"y":74.91102600097656,"z":13.509761810302735},"rotation":{"x":0.35796719789505007,"y":0.2391463667154312,"z":-0.09537963569164276,"w":0.8975362777709961},"size":56.04643249511719,"orthographic":true}