{"cameraMode":{"drawMode":0,"name":"Shaded","section":"Shading Mode"},"sceneLighting":false,"audioPlay":false,"sceneViewState":{"showFog":true,"showMaterialUpdate":false,"showSkybox":true,"showFlares":true,"showImageEffects":true,"showParticleSystems":true},"in2DMode":false,"pivot":{"x":0.0002105236053466797,"y":0.5046719312667847,"z":0.11114591360092163},"rotation":{"x":0.18382015824317933,"y":0.5254050493240356,"z":-0.11743436008691788,"w":0.8224164843559265},"size":9.866033554077149,"orthographic":false}