{"cameraMode":{"drawMode":0,"name":"Shaded","section":"Shading Mode"},"sceneLighting":true,"audioPlay":false,"sceneViewState":{"showFog":true,"showMaterialUpdate":false,"showSkybox":true,"showFlares":true,"showImageEffects":true,"showParticleSystems":true},"in2DMode":false,"pivot":{"x":0.0964542031288147,"y":0.19483327865600587,"z":-0.22635279595851899},"rotation":{"x":-0.08168595284223557,"y":0.9053190350532532,"z":-0.20321668684482575,"w":-0.36390653252601626},"size":36.47349548339844,"orthographic":false}